<?xml version="1.0"?>
<concrete5-cif version="1.0">
    <pagetypes>
        <pagetype name="Blog Entry" handle="blog_entry" is-frequently-added="1" package="hw_simple_blog" launch-in-composer="1">
            <pagetemplates type="custom" default="right_sidebar">
                <pagetemplate handle="right_sidebar"/>
            </pagetemplates>
            <target handle="page_type" package="" pagetype="blog"/>
            <composer>
                <formlayout>
                    <set name="Post Details">
                        <control custom-template="" custom-label="Entry Name" type="core_page_property" handle="name"/>
                        <control custom-template="" custom-label="" type="core_page_property" handle="url_slug"/>
                        <control custom-template="" custom-label="Short Description" type="core_page_property" handle="description"/>
                        <control custom-template="" type="core_page_property" handle="publish_target"/>
                        <control custom-template="" custom-label="Topics" type="collection_attribute" handle="blog_entry_topics"/>
                    </set>
                    <set name="Content">
                        <control custom-template="" custom-label="" type="collection_attribute" handle="thumbnail"/>
                        <control custom-template="" custom-label="" output-control-id="6y4mB58T" type="block" handle="content"/>
                    </set>
                </formlayout>
                <output>
                    <pagetemplate handle="right_sidebar">
                        <page name="" path="" filename="" pagetype="blog_entry" template="right_sidebar" user="admin" description="" package="">
                            <area name="Main">
                                <blocks>
                                    <block type="page_title" name="" custom-template="byline.php" mc-block-id="3zXqs3ea">
                                        <data table="btPageTitle">
                                            <record>
                                                <useCustomTitle><![CDATA[0]]></useCustomTitle>
                                                <titleText><![CDATA[[Page Title]]]></titleText>
                                            </record>
                                        </data>
                                    </block>
                                    <block type="core_page_type_composer_control_output" name="" mc-block-id="YVfXXxWY">
                                        <control output-control-id="6y4mB58T"/>
                                    </block>
                                </blocks>
                            </area>
                            <area name="Sidebar">
                                <blocks>
                                    <block type="next_previous" name="" mc-block-id="71azOVYD">
                                        <style>
                                            <backgroundColor/>
                                            <backgroundRepeat/>
                                            <borderWidth/>
                                            <borderColor/>
                                            <borderStyle/>
                                            <borderRadius/>
                                            <baseFontSize/>
                                            <alignment/>
                                            <textColor/>
                                            <linkColor/>
                                            <paddingTop/>
                                            <paddingBottom/>
                                            <paddingLeft/>
                                            <paddingRight/>
                                            <marginTop/>
                                            <marginBottom/>
                                            <marginLeft/>
                                            <marginRight/>
                                            <rotate/>
                                            <boxShadowHorizontal/>
                                            <boxShadowVertical/>
                                            <boxShadowBlur/>
                                            <boxShadowSpread/>
                                            <boxShadowColor/>
                                            <customClass>block-sidebar-wrapped</customClass>
                                        </style>
                                        <data table="btNextPrevious">
                                            <record>
                                                <nextLabel><![CDATA[Next Post]]></nextLabel>
                                                <previousLabel><![CDATA[Last Post]]></previousLabel>
                                                <parentLabel><![CDATA[]]></parentLabel>
                                                <loopSequence><![CDATA[0]]></loopSequence>
                                                <excludeSystemPages><![CDATA[1]]></excludeSystemPages>
                                                <orderBy><![CDATA[chrono_desc]]></orderBy>
                                            </record>
                                        </data>
                                    </block>
                                    <block type="share_this_page" name="" mc-block-id="PXLhJkwz">
                                        <style>
                                            <backgroundColor/>
                                            <backgroundRepeat/>
                                            <borderWidth/>
                                            <borderColor/>
                                            <borderStyle/>
                                            <borderRadius/>
                                            <baseFontSize/>
                                            <alignment/>
                                            <textColor/>
                                            <linkColor/>
                                            <paddingTop/>
                                            <paddingBottom/>
                                            <paddingLeft/>
                                            <paddingRight/>
                                            <marginTop/>
                                            <marginBottom/>
                                            <marginLeft/>
                                            <marginRight/>
                                            <rotate/>
                                            <boxShadowHorizontal/>
                                            <boxShadowVertical/>
                                            <boxShadowBlur/>
                                            <boxShadowSpread/>
                                            <boxShadowColor/>
                                            <customClass>block-sidebar-wrapped</customClass>
                                        </style>
                                        <data>
                                            <service>facebook</service>
                                            <service>twitter</service>
                                            <service>linkedin</service>
                                            <service>email</service>
                                        </data>
                                    </block>
                                    <block type="topic_list" name="" mc-block-id="gZQmjnx8">
                                        <data>
                                            <mode>P</mode>
                                            <title>Topics</title>
                                            <topicAttributeKeyHandle>blog_entry_topics</topicAttributeKeyHandle>
                                            <tree>Blog Entries</tree>
                                            <cParentID>{ccm:export:page:/blog}</cParentID>
                                        </data>
                                    </block>
                                    <block type="page_list" name="" mc-block-id="KffPWR4h">
                                        <data table="btPageList">
                                            <record>
                                                <num><![CDATA[3]]></num>
                                                <orderBy><![CDATA[random]]></orderBy>
                                                <cParentID>{ccm:export:page:/blog}</cParentID>
                                                <filterByRelated>1</filterByRelated>
                                                <cThis><![CDATA[1]]></cThis>
                                                <includeName><![CDATA[1]]></includeName>
                                                <includeDescription><![CDATA[0]]></includeDescription>
                                                <ptID>{ccm:export:pagetype:blog_entry}</ptID>
                                                <pageListTitle>Related Posts</pageListTitle>
                                                <relatedTopicAttributeKeyHandle>blog_entry_topics</relatedTopicAttributeKeyHandle>
                                            </record>
                                        </data>
                                    </block>
                                </blocks>
                            </area>
                            <area name="Page Footer">
                                <blocks>
                                    <block type="horizontal_rule" name="" mc-block-id="jEWzzXJW"/>
                                    <block type="core_conversation" name="" mc-block-id="z8E17SQA">
                                        <data table="btCoreConversation">
                                            <record>
                                                <enablePosting><![CDATA[1]]></enablePosting>
                                                <paginate><![CDATA[1]]></paginate>
                                                <itemsPerPage><![CDATA[50]]></itemsPerPage>
                                                <displayMode><![CDATA[threaded]]></displayMode>
                                                <orderBy><![CDATA[date_asc]]></orderBy>
                                                <enableOrdering><![CDATA[0]]></enableOrdering>
                                                <enableCommentRating><![CDATA[1]]></enableCommentRating>
                                                <displayPostingForm><![CDATA[top]]></displayPostingForm>
                                                <addMessageLabel><![CDATA[Add Message]]></addMessageLabel>
                                                <dateFormat><![CDATA[default]]></dateFormat>
                                                <customDateFormat><![CDATA[]]></customDateFormat>
                                                <maxFilesGuest><![CDATA[0]]></maxFilesGuest>
                                                <maxFilesRegistered><![CDATA[0]]></maxFilesRegistered>
                                                <maxFileSizeGuest><![CDATA[0]]></maxFileSizeGuest>
                                                <maxFileSizeRegistered><![CDATA[0]]></maxFileSizeRegistered>
                                                <fileExtensions><![CDATA[]]></fileExtensions>
                                            </record>
                                        </data>
                                    </block>
                                </blocks>
                            </area>
                        </page>
                    </pagetemplate>
                </output>
            </composer>
        </pagetype>
        <pagetype name="Blog" handle="blog" package="hw_simple_blog" launch-in-composer="1">
            <pagetemplates type="custom" default="full">
                <pagetemplate handle="full"/>
            </pagetemplates>
            <target handle="all" package=""/>
            <composer>
                <formlayout>
                    <set name="Details">
                        <control custom-template="" type="core_page_property" handle="name"/>
                        <control custom-template="" custom-label="" type="core_page_property" handle="publish_target"/>
                    </set>
                </formlayout>
                <output>
                    <pagetemplate handle="full">
                        <page name="" path="" filename="" pagetype="" template="full" user="admin" description="" package="">
                            <area name="Main">
                                <blocks>
                                    <block type="page_title" name="" custom-template="archive.php" mc-block-id="1SrIYV5J">
                                        <data table="btPageTitle">
                                            <record>
                                                <useCustomTitle><![CDATA[0]]></useCustomTitle>
                                                <titleText><![CDATA[[Page Title]]]></titleText>
                                            </record>
                                        </data>
                                    </block>
                                    <block type="core_area_layout" name="" mc-block-id="XIyJqyJD">
                                        <arealayout type="theme-grid" columns="12">
                                            <columns>
                                                <column span="8" offset="0">
                                                    <block type="page_list" name="" mc-block-id="o2okE5W6">
                                                        <style>
                                                            <customClass>blog-entry-list</customClass>
                                                        </style>
                                                        <data table="btPageList">
                                                            <record>
                                                                <num><![CDATA[10]]></num>
                                                                <orderBy><![CDATA[chrono_desc]]></orderBy>
                                                                <cParentID>0</cParentID>
                                                                <cThis><![CDATA[1]]></cThis>
                                                                <useButtonForLink><![CDATA[0]]></useButtonForLink>
                                                                <buttonLinkText><![CDATA[]]></buttonLinkText>
                                                                <includeName><![CDATA[1]]></includeName>
                                                                <includeDescription><![CDATA[1]]></includeDescription>
                                                                <includeAllDescendents><![CDATA[0]]></includeAllDescendents>
                                                                <paginate><![CDATA[1]]></paginate>
                                                                <displayAliases><![CDATA[0]]></displayAliases>
                                                                <ptID>{ccm:export:pagetype:blog_entry}</ptID>
                                                                <pfID>{ccm:export:pagefeed:blog}</pfID>
                                                                <truncateSummaries><![CDATA[0]]></truncateSummaries>
                                                                <displayFeaturedOnly><![CDATA[0]]></displayFeaturedOnly>
                                                                <displayThumbnail><![CDATA[1]]></displayThumbnail>
                                                                <truncateChars><![CDATA[0]]></truncateChars>
                                                                <enableExternalFiltering><![CDATA[1]]></enableExternalFiltering>
                                                                <noResultsMessage><![CDATA[No posts to this blog.]]></noResultsMessage>
                                                                <includeDate><![CDATA[1]]></includeDate>
                                                            </record>
                                                        </data>
                                                    </block>
                                                </column>
                                                <column span="3" offset="1">
                                                    <block type="topic_list" name="" mc-block-id="D9wxkl0c">
                                                        <style>
                                                            <customClass>block-sidebar-wrapped</customClass>
                                                        </style>
                                                        <data>
                                                            <mode>S</mode>
                                                            <tree>Blog Entries</tree>
                                                            <title>Topics</title>
                                                            <cParentID />
                                                        </data>
                                                    </block>
                                                    <block type="date_navigation" name="">
                                                        <style>
                                                            <customClass>block-sidebar-padded</customClass>
                                                        </style>
                                                        <data table="btDateNavigation">
                                                            <record>
                                                                <title><![CDATA[Archives]]></title>
                                                                <redirectToResults>0</redirectToResults>
                                                                <filterByParent>1</filterByParent>
                                                                <cParentID>{ccm:export:page:/blog}</cParentID>
                                                                <cTargetID/>
                                                                <ptID>{ccm:export:pagetype:blog_entry}</ptID>
                                                            </record>
                                                        </data>
                                                    </block>
                                                </column>
                                            </columns>
                                        </arealayout>
                                    </block>
                                </blocks>
                            </area>
                            <area name="Page Footer">
                                <blocks/>
                            </area>
                        </page>
                    </pagetemplate>
                </output>
            </composer>
        </pagetype>
	</pagetypes>
</concrete5-cif>